variant,group_lanes,scorer_lanes,exact_score_latency_cycles,mean_cycles,p95_cycles,p99_cycles,raw_pair_signature_bytes,minimum_extra_ramb18
specialized,1,4,1,51674694.719,65659708.75,67613885.56,0,0
fused_specialized,1,4,1,28074608.43,34239803.65,36192414.48,0,0
fused_w1,1,4,1,34966473.744,38256716.55,38362135.17,0,0
fused_w1w2,1,4,1,5532770.641,6071801.95,6090139.72,16128,8
specialized,1,4,2,51814055.439,65938643.5,67927575.83,0,0
fused_specialized,1,4,2,28206406.14,34323700.5,36231714.16,0,0
fused_w1,1,4,2,35062504.211,38410289.6,38524872.62,0,0
fused_w1w2,1,4,2,5697967.717,6251738.1,6272821.1,16128,8
specialized,1,4,4,52092776.869,66496512.95,68554956.37,0,0
fused_specialized,1,4,4,28470001.59,34428042.8,36374535.65,0,0
fused_w1,1,4,4,35254565.155,38716773.65,38873245.52,0,0
fused_w1w2,1,4,4,6028361.843,6611264.85,6636231.21,16128,8
specialized,1,4,8,52650220.234,67625122.5,69809718.44,0,0
fused_specialized,1,4,8,28997192.966,34648911.35,36677356.11,0,0
fused_w1,1,4,8,35638687.53,39339775.3,39556327.22,0,0
fused_w1w2,1,4,8,6689150.616,7327827.35,7357358.24,16128,8
specialized,1,4,16,53765106.964,69845601.3,72319242.58,0,0
fused_specialized,1,4,16,30051575.718,35660150.55,37249229.1,0,0
fused_w1,1,4,16,36406932.28,40580933.65,40898589.41,0,0
fused_w1w2,1,4,16,8010728.162,8762344.5,8805589.92,16128,8
specialized,1,4,32,55994880.424,74317660.95,77603507.66,0,0
fused_specialized,1,4,32,32160341.222,39088248.05,40871556.32,0,0
fused_w1,1,4,32,37943421.78,43091466.2,43601552.54,0,0
fused_w1w2,1,4,32,10653883.254,11633077.15,11701009.88,16128,8
specialized,1,4,64,60454427.344,83247348.8,88255472.66,0,0
fused_specialized,1,4,64,36377872.23,47577202.55,50505965.37,0,0
fused_w1,1,4,64,41016400.78,48138821.2,49067331.91,0,0
fused_w1w2,1,4,64,15940193.438,17379769.3,17491860.38,16128,8
specialized,4,4,1,13050989.441,16655667.65,17170596.89,0,0
fused_specialized,4,4,1,7145291.043,8632226.299999999,9122045.1,0,0
fused_w1,4,4,1,8841431.916,9710722.05,9750251.54,0,0
fused_w1w2,4,4,1,1510166.543,1655844.0,1662169.46,16128,8
specialized,4,4,2,13190350.161,16937917.9,17484287.16,0,0
fused_specialized,4,4,2,7277088.753,8689618.15,9197074.03,0,0
fused_w1,4,4,2,8937462.383,9866774.7,9921069.98,0,0
fused_w1w2,4,4,2,1675363.619,1835029.55,1842450.72,16128,8
specialized,4,4,4,13469071.591,17493037.1,18111667.7,0,0
fused_specialized,4,4,4,7540684.203,8944101.4,9339413.93,0,0
fused_w1,4,4,4,9129523.327,10176944.25,10256587.76,0,0
fused_w1w2,4,4,4,2005757.745,2193620.2,2204503.19,16128,8
specialized,4,4,8,14026514.956,18611167.2,19432904.41,0,0
fused_specialized,4,4,8,8067875.579,9803626.45,10249791.9,0,0
fused_w1,4,4,8,9513645.702,10804590.8,10932383.24,0,0
fused_w1w2,4,4,8,2666546.518,2911367.85,2928329.76,16128,8
specialized,4,4,16,15141401.686,20842552.95,22095668.73,0,0
fused_specialized,4,4,16,9122258.331,11926044.999999998,12658398.6,0,0
fused_w1,4,4,16,10281890.452,12066410.35,12298828.59,0,0
fused_w1w2,4,4,16,3988124.064,4348041.5,4376078.52,16128,8
specialized,4,4,32,17371175.146,25359705.4,27206844.73,0,0
fused_specialized,4,4,32,11231023.835,16237414.9,17736469.51,0,0
fused_w1,4,4,32,11818379.952,14604083.2,15004838.09,0,0
fused_w1w2,4,4,32,6631279.156,7221124.25,7273603.56,16128,8
specialized,4,4,64,21830722.066,34444004.05,37605254.82,0,0
fused_specialized,4,4,64,15448554.843,24852754.3,27719201.56,0,0
fused_w1,4,4,64,14891358.952,19672328.599999998,20416761.2,0,0
fused_w1w2,4,4,64,11917589.34,12974893.6,13067019.46,16128,8
specialized,8,4,1,6613705.246,8490049.65,8763381.95,0,0
fused_specialized,8,4,1,3657071.491,4363020.75,4617028.18,0,0
fused_w1,8,4,1,4487258.279,4954645.05,4981859.95,0,0
fused_w1w2,8,4,1,839732.661,919562.85,923300.13,16128,8
specialized,8,4,2,6753065.966,8767609.75,9077072.22,0,0
fused_specialized,8,4,2,3788869.201,4493251.05,4687778.57,0,0
fused_w1,8,4,2,4583288.746,5109617.95,5149587.65,0,0
fused_w1w2,8,4,2,1004929.737,1098833.8,1104322.9,16128,8
specialized,8,4,4,7031787.396,9326751.25,9737803.6,0,0
fused_specialized,8,4,4,4052464.651,4922856.0,5146165.16,0,0
fused_w1,8,4,4,4775349.69,5423445.2,5487522.02,0,0
fused_w1w2,8,4,4,1335323.863,1457733.9,1466216.58,16128,8
specialized,8,4,8,7589230.761,10441753.95,11069034.58,0,0
fused_specialized,8,4,8,4579656.027,5984211.55,6350471.13,0,0
fused_w1,8,4,8,5159472.065,6054342.2,6170745.03,0,0
fused_w1w2,8,4,8,1996112.636,2176088.0,2190115.71,16128,8
specialized,8,4,16,8704117.491,12700801.85,13624622.58,0,0
fused_specialized,8,4,16,5634038.779,8139945.85,8889497.52,0,0
fused_w1,8,4,16,5927716.815,7323220.35,7523772.81,0,0
fused_w1w2,8,4,16,3317690.182,3612583.6,3638878.23,16128,8
specialized,8,4,32,10933890.951,17242950.25,18823899.0,0,0
fused_specialized,8,4,32,7742804.283,12447687.799999999,13880872.5,0,0
fused_w1,8,4,32,7464206.315,9857309.799999999,10229671.4,0,0
fused_w1w2,8,4,32,5960845.274,6489555.1,6535612.96,16128,8
specialized,8,4,64,15393437.871,26300647.9,29292440.8,0,0
fused_specialized,8,4,64,11960335.291,21094602.0,23863054.18,0,0
fused_w1,8,4,64,10537185.315,14929716.2,15649562.6,0,0
fused_w1w2,8,4,64,11247155.458,12246914.6,12326412.27,16128,8
specialized,13,4,1,4137826.226,5347624.05,5529837.43,0,0
fused_specialized,13,4,1,2315448.114,2745713.4499999997,2886935.61,0,0
fused_w1,13,4,1,2812575.675,3124865.6999999997,3147163.05,0,0
fused_w1w2,13,4,1,581873.016,636381.9,639389.73,16128,8
specialized,13,4,2,4277186.946,5628170.95,5843527.7,0,0
fused_specialized,13,4,2,2447245.824,2939842.55,3039843.86,0,0
fused_w1,13,4,2,2908606.142,3281309.1,3315174.88,0,0
fused_w1w2,13,4,2,747070.092,815769.05,820462.01,16128,8
specialized,13,4,4,4555908.376,6183846.85,6498113.569999999,0,0
fused_specialized,13,4,4,2710841.274,3451604.35,3641074.3499999996,0,0
fused_w1,13,4,4,3100667.086,3595046.3,3656126.77,0,0
fused_w1w2,13,4,4,1077464.218,1174887.3,1182195.26,16128,8
specialized,13,4,8,5113351.741,7314562.149999999,7810939.22,0,0
fused_specialized,13,4,8,3238032.65,4528177.699999999,4873993.71,0,0
fused_w1,13,4,8,3484789.461,4229516.0,4335130.58,0,0
fused_w1w2,13,4,8,1738252.991,1893284.25,1906576.52,16128,8
specialized,13,4,16,6228238.471,9566481.049999999,10411019.12,0,0
fused_specialized,13,4,16,4292415.402,6684299.5,7406647.359999999,0,0
fused_w1,13,4,16,4253034.211,5498993.4,5686187.2,0,0
fused_w1w2,13,4,16,3059830.537,3330856.25,3355337.26,16128,8
specialized,13,4,32,8458011.931,14119218.55,15645609.19,0,0
fused_specialized,13,4,32,6401180.906,10998428.25,12397738.2,0,0
fused_w1,13,4,32,5789523.711,8031090.699999999,8396132.799999999,0,0
fused_w1w2,13,4,32,5702985.629,6207886.75,6250763.3,16128,8
specialized,13,4,64,12917558.851,23141766.15,26032241.509999998,0,0
fused_specialized,13,4,64,10618711.914,19658687.7,22379859.96,0,0
fused_w1,13,4,64,8862502.711,13112527.549999999,13816024.0,0,0
fused_w1w2,13,4,64,10989295.813,11973032.2,12041560.34,16128,8
