ebn0_db,mode,workers,frames,repeats,samples,pool_startup_ns,exact_stops,stop_rate,mean_candidates,p50_total_ns,p95_total_ns,p99_total_ns,mean_total_ns,p50_candidate_ns,p95_candidate_ns,p99_candidate_ns,blocks_per_second,p50_speedup,p95_speedup,p99_speedup,result
4.000000,baseline,1,200,3,600,262096,0,0.000000,679121.000000,8514762,10238058,11116675,8772149.666667,8485938,10213109,11094341,113.997143,1.000000,1.000000,1.000000,pass
4.000000,spawn_full_8,8,200,3,600,262096,0,0.000000,679121.000000,2012132,2463354,2724529,2052796.528333,1988076,2430614,2700683,487.140341,4.231711,4.156146,4.080219,pass
4.000000,persistent_full_8,8,200,3,600,262096,0,0.000000,679121.000000,2020535,2414230,2593190,2029171.815000,1994455,2392767,2569895,492.811891,4.214113,4.240714,4.286873,pass
4.000000,spawn_parity_8,8,200,3,600,262096,0,0.000000,679121.000000,1194796,1487729,1665508,1222325.106667,1168166,1456742,1636223,818.112951,7.126540,6.881669,6.674645,pass
4.000000,persistent_parity_8,8,200,3,600,262096,0,0.000000,679121.000000,1168686,1449321,1603524,1173077.040000,1141235,1408389,1569302,852.458931,7.285757,7.064038,6.932653,pass
4.000000,exact_spawn_full_8,8,200,3,600,262096,0,0.000000,679121.000000,1967655,2347279,2538058,2005389.503333,1938931,2312656,2508202,498.656245,4.327365,4.361671,4.379992,pass
4.000000,exact_persistent_full_8,8,200,3,600,262096,0,0.000000,679121.000000,1995858,2423394,2707884,2010268.790000,1965391,2397665,2683427,497.445916,4.266216,4.224677,4.105300,pass
4.000000,exact_spawn_parity_8,8,200,3,600,262096,0,0.000000,679121.000000,1210640,1519777,1736995,1242068.116667,1182347,1486827,1704687,805.108823,7.033273,6.736553,6.399946,pass
4.000000,exact_persistent_parity_8,8,200,3,600,262096,0,0.000000,679121.000000,1180024,1543573,1774793,1204521.705000,1154425,1515892,1740201,830.205048,7.215753,6.632701,6.263646,pass
6.000000,baseline,1,200,3,600,262096,0,0.000000,679121.000000,8521512,9765462,10773365,8660696.310000,8498256,9734544,10740956,115.464157,1.000000,1.000000,1.000000,pass
6.000000,spawn_full_8,8,200,3,600,262096,0,0.000000,679121.000000,1867943,2260507,2404945,1924698.251667,1844888,2225494,2379957,519.561962,4.561976,4.320032,4.479672,pass
6.000000,persistent_full_8,8,200,3,600,262096,0,0.000000,679121.000000,1845049,2266396,2467349,1903946.421667,1821973,2237021,2445607,525.224864,4.618583,4.308807,4.366373,pass
6.000000,spawn_parity_8,8,200,3,600,262096,0,0.000000,679121.000000,1099292,1353996,1516403,1145043.166667,1076096,1324992,1483302,873.329521,7.751818,7.212327,7.104553,pass
6.000000,persistent_parity_8,8,200,3,600,262096,0,0.000000,679121.000000,1059371,1386406,1520939,1101337.570000,1036366,1357352,1499096,907.986822,8.043936,7.043725,7.083364,pass
6.000000,exact_spawn_full_8,8,200,3,600,262096,21,0.035000,655351.800000,1820872,2249040,2419657,1828027.321667,1797938,2226936,2382862,547.037776,4.679907,4.342058,4.452435,pass
6.000000,exact_persistent_full_8,8,200,3,600,262096,21,0.035000,655351.800000,1830727,2267918,2472067,1828655.571667,1807792,2237763,2442212,546.849836,4.654715,4.305915,4.358039,pass
6.000000,exact_spawn_parity_8,8,200,3,600,262096,21,0.035000,655351.800000,1104620,1393356,1564205,1112871.841667,1081455,1360997,1531695,898.576065,7.714428,7.008591,6.887438,pass
6.000000,exact_persistent_parity_8,8,200,3,600,262096,21,0.035000,655351.800000,1077749,1384803,1654781,1083501.376667,1055236,1358553,1609232,922.933760,7.906769,7.051878,6.510448,pass
8.000000,baseline,1,200,3,600,262096,0,0.000000,679121.000000,8466605,8913233,10093004,8548286.921667,8445245,8894965,10057130,116.982503,1.000000,1.000000,1.000000,pass
8.000000,spawn_full_8,8,200,3,600,262096,0,0.000000,679121.000000,1865099,2207337,2365936,1901826.555000,1840951,2176370,2337693,525.810305,4.539494,4.038003,4.265967,pass
8.000000,persistent_full_8,8,200,3,600,262096,0,0.000000,679121.000000,1823284,2198721,2335408,1842177.971667,1800410,2171300,2298892,542.835717,4.643602,4.053826,4.321731,pass
8.000000,spawn_parity_8,8,200,3,600,262096,0,0.000000,679121.000000,1090237,1336730,1420456,1121586.641667,1066311,1307034,1398563,891.594071,7.765839,6.667938,7.105468,pass
8.000000,persistent_parity_8,8,200,3,600,262096,0,0.000000,679121.000000,1037877,1271903,1383329,1056255.950000,1016476,1250729,1358832,946.740229,8.157619,7.007793,7.296170,pass
8.000000,exact_spawn_full_8,8,200,3,600,262096,279,0.465000,363330.200000,1715983,2096346,2211454,1011104.556667,1692017,2069235,2179042,989.017400,4.933968,4.251795,4.563967,pass
8.000000,exact_persistent_full_8,8,200,3,600,262096,279,0.465000,363330.200000,1625104,2072573,2263098,992900.665000,1599155,2049715,2239555,1007.150096,5.209885,4.300564,4.459817,pass
8.000000,exact_spawn_parity_8,8,200,3,600,262096,279,0.465000,363330.200000,1021454,1259134,1384233,612440.808333,1000603,1232551,1357282,1632.810855,8.288778,7.078860,7.291405,pass
8.000000,exact_persistent_parity_8,8,200,3,600,262096,279,0.465000,363330.200000,923085,1219782,1339985,581432.021667,903316,1191109,1311832,1719.891514,9.172075,7.307234,7.532177,pass
10.000000,baseline,1,200,3,600,262096,0,0.000000,679121.000000,8542326,9168167,9702940,8625713.766667,8522236,9142589,9680686,115.932435,1.000000,1.000000,1.000000,pass
10.000000,spawn_full_8,8,200,3,600,262096,0,0.000000,679121.000000,1910166,2217430,2321510,1950649.533333,1885249,2193106,2300437,512.649752,4.472033,4.134591,4.179581,pass
10.000000,persistent_full_8,8,200,3,600,262096,0,0.000000,679121.000000,1888286,2307307,2412868,1933660.861667,1860192,2286436,2387409,517.153768,4.523852,3.973536,4.021331,pass
10.000000,spawn_parity_8,8,200,3,600,262096,0,0.000000,679121.000000,1126712,1334076,1426426,1158030.333333,1102265,1305182,1395580,863.535238,7.581641,6.872297,6.802274,pass
10.000000,persistent_parity_8,8,200,3,600,262096,0,0.000000,679121.000000,1091849,1368538,1454978,1120685.856667,1067821,1349348,1420486,892.310717,7.823725,6.699242,6.668788,pass
10.000000,exact_spawn_full_8,8,200,3,600,262096,552,0.920000,54330.600000,20791,1820861,2043219,174292.865000,90,1799449,2020134,5737.469517,410.866529,5.035072,4.748850,pass
10.000000,exact_persistent_full_8,8,200,3,600,262096,552,0.920000,54330.600000,18948,1814151,2115007,174233.298333,70,1792198,2092874,5739.431036,450.829956,5.053696,4.587663,pass
10.000000,exact_spawn_parity_8,8,200,3,600,262096,552,0.920000,54330.600000,20081,1106692,1244050,112407.993333,60,1081514,1213203,8896.164502,425.393457,8.284299,7.799478,pass
10.000000,exact_persistent_parity_8,8,200,3,600,262096,552,0.920000,54330.600000,21592,1064909,1237970,109834.778333,90,1040141,1214795,9104.584314,395.624583,8.609343,7.837783,pass

